time,type,x,y,voltage,angle,pos,
0.0,path,0.002340000484714157,5.135129578510544E-7,0.46786492374727673,0.025151401364605946,0.0025000000000000005,
0.0,robot,0.0017059477969295898,2.4277711773036328E-5,0.46786492374727673,0.8153335810058375,0.0017061205388652512,
0.05,path,0.012339989346085546,1.4301556531327517E-5,1.7329827173553054,0.13292659571887463,0.012500000000000002,
0.05,robot,0.009401379965158193,3.0457908813700987E-4,1.7329827173553054,2.0860412590581316,0.009406655917486604,
0.1,path,0.03233980015191304,9.851456739596101E-5,3.398659026987724,0.3498964572273297,0.03250000000000001,
0.1,robot,0.027991677782589805,0.0014701911203401615,3.398659026987724,3.5877499027372024,0.028033459839534508,
0.15000000000000002,path,0.06233855122969585,3.6766841534438544E-4,4.971708482277486,0.678929967735717,0.0625,
0.15000000000000002,robot,0.061077774237299244,0.004306004621273167,4.971708482277486,4.898855866398883,0.06124086288196483,
0.2,path,0.10233350477190059,9.966708413802622E-4,6.086698025529008,1.1244052187049278,0.10250000000000001,
0.2,robot,0.10990987029571145,0.009189183040577024,6.086698025529008,5.710556907938146,0.11031650894936522,
0.25,path,0.15231821805302997,0.002224660171962739,6.614863266283521,1.6922970670836248,0.1525,
0.25,robot,0.17342112792409073,0.015721010067803964,6.614863266283521,5.871950306322875,0.17416276655192153,
0.30000000000000004,path,0.2122798285334895,0.004360244363144972,6.6659673535224435,2.3902898323367667,0.2125,
0.30000000000000004,robot,0.24903714649819317,0.023238002008480297,6.6659673535224435,5.677124025978965,0.2501514988274056,
0.35000000000000003,path,0.2821952186643836,0.007788221365794767,6.502823973468586,3.227908655902491,0.2825,
0.35000000000000003,robot,0.3338631961655683,0.0314495087506488,6.502823973468586,5.529235986711054,0.3353740753265274,
0.4,path,0.3620257200881838,0.012977844886153167,6.416296171050961,4.216657694635475,0.3625,
0.4,robot,0.42582487455010853,0.0402457693109863,6.416296171050961,5.463797191842931,0.4277554830401305,
0.45,path,0.45170991178083875,0.020492642888034596,6.613885247185208,5.370144187013873,0.4525,
0.45,robot,0.5241958986224038,0.05042880487816436,6.613885247185208,5.910015253471988,0.5266521593765702,
0.5,path,0.5511539093245493,0.03100166921121239,7.159947461035792,6.704152301836251,0.5525,
0.5,robot,0.6295296056720188,0.06366242538975499,7.159947461035792,7.160847460143325,0.6328139159212831,
0.55,path,0.6602184308169388,0.04529183439065576,7.979501654059051,8.236608244761094,0.6625,
0.55,robot,0.7431899356942895,0.08136783740451195,7.979501654059051,8.854077593885028,0.7478450083936394,
0.6000000000000001,path,0.7787017967748504,0.06428055650221659,8.912122254317971,9.98734483015205,0.7825,
0.6000000000000001,robot,0.8664751309541948,0.10542944870040527,8.912122254317971,11.043609969169706,0.8734563156411466,
0.65,path,0.906318011029666,0.08902732502846927,9.786721377061813,11.977529339443173,0.9125,
0.65,robot,0.9999539997155046,0.13787146536232722,9.786721377061813,13.660844077152717,1.0108211322824225,
0.7000000000000001,path,1.042669287021111,0.12074180671012119,10.485969560428769,14.22856634518005,1.0525,
0.7000000000000001,robot,1.1414944987024498,0.17992764141175416,10.485969560428769,16.548356050575492,1.1584776079188601,
0.75,path,1.1848189685589519,0.16006479867750167,10.688186920532285,16.717069934805057,1.2,
0.75,robot,1.288524012206468,0.2320265363319347,10.688186920532285,19.511430673241833,1.3144646993499536,
0.8,path,1.3274399744557757,0.2064894774504461,10.089477777422951,19.362557733430542,1.35,
0.8,robot,1.4390012844814277,0.29397613146601637,10.089477777422951,22.37634716403189,1.4771950339793305,
0.8500000000000001,path,1.467716428975263,0.2595762125070836,8.816444314485251,22.110919184116195,1.5,
0.8500000000000001,robot,1.5874700456194577,0.36333960692081946,8.816444314485251,25.0416235213177,1.6410677429977345,
0.9,path,1.605239023437334,0.3194339550544675,7.429173412644841,24.944443809782843,1.65,
0.9,robot,1.729151357272807,0.4371150604505221,7.429173412644841,27.506627533937937,1.8008063157199383,
0.9500000000000001,path,1.7395949105926292,0.3860950597629862,6.455316140424451,27.840883264325683,1.7999999999999998,
0.9500000000000001,robot,1.8616948233839612,0.513224009941049,6.455316140424451,29.86525237442806,1.953647221897932,
1.0,path,1.8703838121668261,0.4595072364906042,6.17122552262508,30.77416129646722,1.9499999999999997,
1.0,robot,1.9853420810605698,0.5912759939653627,6.17122552262508,32.262054191342905,2.0998688226998565,
1.05,path,1.9972354449170928,0.5395304859821931,6.549065442432612,33.71555871795519,2.0999999999999996,
1.05,robot,2.1021044592782476,0.672511256965178,6.549065442432612,34.82755137607999,2.242110240443414,
1.1,path,2.119826412504569,0.6259398864887786,7.324923668076867,36.63525922273011,2.2499999999999996,
1.1,robot,2.214456767413997,0.7591026460139093,7.324923668076867,37.62191001421107,2.383959138221363,
1.1500000000000001,path,2.2378945905716883,0.7184342299574109,8.140033890281929,39.50405428323102,2.3999999999999995,
1.1500000000000001,robot,2.3241585588701805,0.8531600525077527,8.140033890281929,40.60951305603157,2.528462697918154,
1.2000000000000002,path,2.3512493344348093,0.8166495659219147,8.689677920602824,42.294963667798605,2.5499999999999994,
1.2000000000000002,robot,2.4316876996816514,0.9558065556823083,8.689677920602824,43.66918823902098,2.6771194190498178,
1.25,path,2.4597765227200497,0.9201759727858838,8.824005807436453,44.98454946320056,2.6999999999999993,
1.25,robot,2.5364134544863197,1.0666727530773186,8.824005807436453,46.63144474343787,2.829627771097294,
1.3,path,2.563438307270577,1.0285755283377296,8.57317060268883,47.553777122290604,2.849999999999999,
1.3,robot,2.637240809475945,1.1840160619614688,8.57317060268883,49.3291474399726,2.98433913995584,
1.35,path,2.662268233513282,1.1413995498707332,8.102033716834201,49.988378408323236,2.999999999999999,
1.35,robot,2.7332797731626255,1.305392746843463,8.102033716834201,51.64729132481348,3.1391156956060886,
1.4000000000000001,path,2.756362933326231,1.2582036207334482,7.624378151809342,52.27876422087901,3.149999999999999,
1.4000000000000001,robot,2.824215669374374,1.4285448676600283,7.624378151809342,53.557728500986066,3.292203193728737,
1.4500000000000002,path,2.8458717981438064,1.3785595313981402,7.315628339544512,54.41959636005087,3.299999999999999,
1.4500000000000002,robot,2.9103191144697433,1.552095944675909,7.315628339544512,55.127141124076076,3.442797589006501,
1.5,path,2.930985954722009,1.502063861027485,7.256188811768084,56.40914948823056,3.449999999999999,
1.5,robot,2.9922172595112198,1.675802300835446,7.256188811768084,56.49397970895999,3.5911571816033563,
1.55,path,3.0119275926593185,1.6283433870700743,7.420229552082548,58.24858498185968,3.5999999999999988,
1.55,robot,3.0705826480274543,1.8003480363200954,7.420229552082548,57.821497869940494,3.7383059986040807,
1.6,path,3.0889403502669324,1.7570577948546178,7.705347852010092,59.941230641910224,3.7499999999999987,
1.6,robot,3.145863693344491,1.9268513827106861,7.705347852010092,59.24348973865111,3.8855144645020836,
1.6500000000000001,path,3.1622811395583867,1.8879002772849698,7.984501262209799,61.49192721315396,3.8999999999999986,
1.6500000000000001,robot,3.218152745832887,2.056310577797699,7.984501262209799,60.82133363434878,4.0337891767838725,
1.7000000000000002,path,3.2322135328360355,2.0205966131876583,8.157030034030944,62.90647308024677,4.049999999999999,
1.7000000000000002,robot,3.287248283204001,2.189186238362179,8.157030034030944,62.52550256794137,4.183556110567836,
1.75,path,3.299002656650739,2.1549032410432654,8.180336655634624,64.19117632998321,4.199999999999999,
1.75,robot,3.352884973716497,2.325240970901419,8.180336655634624,64.2460105001475,4.334615917888504,
1.8,path,3.3629114360341283,2.2906047428722385,8.074355923567845,65.3525091117218,4.35,
1.8,robot,3.415010929774818,2.463658024631093,8.074355923567845,65.82794714389163,4.486335775452911,
1.85,path,3.4241979851108617,2.4275110465452094,7.902370167127183,66.39685157054593,4.5,
1.85,robot,3.4739599830325445,2.603356800218369,7.902370167127183,67.12158860060384,4.6379627479234005,
1.9000000000000001,path,3.4831139326793257,2.565454561922747,7.73967292007829,67.33030970296119,4.65,
1.9000000000000001,robot,3.530431662404795,2.743354714687342,7.73967292007829,68.03207642061729,4.788921240982864,
1.9500000000000002,path,3.5399034865949113,2.7042873920422736,7.643823614131962,68.15859149233617,4.800000000000001,
1.9500000000000002,robot,3.5853032162351077,2.8830310433395963,7.643823614131962,68.5527219341941,4.938989106315605,
2.0,path,3.594803065102405,2.843878700055124,7.6370370808579455,68.88692722306611,4.950000000000001,
2.0,robot,3.639374091660591,3.022219615688623,7.6370370808579455,68.77024113596748,5.088311302394548,
2.0500000000000003,path,3.6480413542135754,2.9841122753113356,7.704817472963677,69.52002211216919,5.100000000000001,
2.0500000000000003,robot,3.6931484921364914,3.1611408796119242,7.704817472963677,68.8393042756705,5.23727708274893,
2.1,path,3.699839677192654,3.12488431051512,7.808239437525467,70.06203168126348,5.250000000000002,
2.1,robot,3.7467241515520877,3.300233899734998,7.808239437525467,68.93438123410981,5.38633150076052,
2.15,path,3.750412588749268,3.266101386630017,7.902797636366477,70.51655242202033,5.400000000000002,
2.15,robot,3.7998155982591224,3.4399581746409975,7.902797636366477,69.19456265124397,5.5358024836015165,
2.2,path,3.799968626620441,3.407678647674824,7.955699352266899,70.88662209056206,5.5500000000000025,
2.2,robot,3.8519076213340213,3.5806235451653734,7.955699352266899,69.67910627177419,5.6858035680402494,
2.25,path,3.848711171805589,3.549538144488273,7.95559090839364,71.17472543984037,5.700000000000003,
2.25,robot,3.902498538000626,3.7222910371359714,7.95559090839364,70.34783172504629,5.836233349434782,
2.3000000000000003,path,3.8968393812009046,3.691607320163892,7.912612768940464,71.38280233468292,5.850000000000003,
2.3000000000000003,robot,3.951354614937042,3.8647673100186517,7.912612768940464,71.0728118617261,5.98685341645162,
2.35,path,3.9445491675048157,3.8338176104627113,7.850606067256672,71.51225608571939,6.0000000000000036,
2.35,robot,3.9986796814195804,4.00768348263675,7.850606067256672,71.67829779035361,6.137401396555582,
2.4000000000000004,path,3.9920342084634135,3.9761031308262065,7.79580805686051,71.56396051022128,6.150000000000004,
2.4000000000000004,robot,4.045129545443483,4.150615056392396,7.79580805686051,71.99688891486656,6.2876911987515545,
2.45,path,4.0394869732474445,4.118399422709802,7.76682783726328,71.53826474916762,6.300000000000004,
2.45,robot,4.091662989306035,4.293188480080496,7.76682783726328,71.92423317736312,6.437666338490965,
2.5,path,4.087099757005719,4.2606422315977,7.769313863322248,71.43499527972793,6.450000000000005,
2.5,robot,4.139286143990807,4.435142552033913,7.769313863322248,71.45428104161135,6.587395839279171,
2.5500000000000003,path,4.135065716536829,4.402766289562583,7.79636378450166,71.25345490885267,6.600000000000005,
2.5500000000000003,robot,4.188782659445865,4.576348163775856,7.79636378450166,70.68300939482522,6.737025147336147,
2.6,path,4.1835799002699385,4.5447040752536125,7.8334329788041455,70.99241885386257,6.750000000000005,
2.6,robot,4.240520038479379,4.716805840450295,7.8334329788041455,69.77879918474049,6.886708530936461,
2.6500000000000004,path,4.232840264459172,4.686384523987094,7.865094618772806,70.6501283489282,6.900000000000006,
2.6500000000000004,robot,4.294393032939015,4.856628975491622,7.865094618772806,68.92863274784335,7.036551143783519,
2.7,path,4.283048664594382,4.827731660298207,7.88083333406704,70.2242826010496,7.050000000000006,
2.7,robot,4.349921218455043,4.99600361368003,7.88083333406704,68.27719101476889,7.186580038190069,
2.75,path,4.3344118063031,4.968663125059695,7.8779438934120325,69.7120303973142,7.200000000000006,
2.75,robot,4.406471070428662,5.1351182643595275,7.8779438934120325,67.87834751926931,7.336749182130882,
2.8000000000000003,path,4.387142133328471,5.109088569872219,7.861029499330764,69.10996328087003,7.350000000000007,
2.8000000000000003,robot,4.463534315008194,5.274079164288816,7.861029499330764,67.67486545146674,7.486970171313823,
2.85,path,4.441458620349806,5.248907891314984,7.838930581036708,68.41411302501297,7.500000000000007,
2.85,robot,4.52097413748815,5.412843031558458,7.838930581036708,67.51341255373934,7.637152540672399,
2.9000000000000004,path,4.497587426558271,5.388009281908245,7.820693645179167,67.61995718195936,7.6500000000000075,
2.9000000000000004,robot,4.579156332824376,5.551191218884846,7.820693645179167,67.19085959833247,7.787237146114263,
2.95,path,4.5557623493317605,5.526267078366279,7.812233100992772,66.72243783830442,7.800000000000008,
2.95,robot,4.638916271010936,5.68874533835113,7.812233100992772,66.51762093969319,7.937211763947436,
3.0,path,4.616224997530853,5.663539397661641,7.814771317675474,65.71600039272776,7.950000000000008,
3.0,robot,4.701367285136936,5.82501101657858,7.814771317675474,65.3778558525009,8.087106607848595,
3.0500000000000003,path,4.679224580505701,5.799665568412229,7.825286927559661,64.59466117605841,8.100000000000009,
3.0500000000000003,robot,4.767612927217287,5.959443591704509,7.825286927559661,63.76685855984038,8.236975224809006,
3.1,path,4.745017180487712,5.934463387382704,7.838425231518565,63.35211501048216,8.250000000000009,
3.1,robot,4.838462126060338,6.091538221830409,7.838425231518565,61.79303369432957,8.386870522549797,
3.1500000000000004,path,4.813864346881013,6.067726267968979,7.8488954574394985,61.981896094671356,8.40000000000001,
3.1500000000000004,robot,4.914246829968699,6.220933752252338,7.8488954574394985,59.64323852562207,8.536825597954568,
3.2,path,4.886030824489094,6.199220401218799,7.853387916962463,60.477607444105686,8.55000000000001,
3.2,robot,4.994803461183606,6.347490391830671,7.853387916962463,57.522174051186184,8.68684544282202,
3.25,path,4.961781206114729,6.3286821149267904,7.8514034302172195,58.83323481100175,8.70000000000001,
3.25,robot,5.079617547400966,6.471288961404112,7.8514034302172195,55.58505590875742,8.836910478887441,
3.3000000000000003,path,5.041375300986259,6.45581570869282,7.844899823675201,57.04355919736053,8.85000000000001,
3.3000000000000003,robot,5.168074003430022,6.592527698978581,7.844899823675201,53.88530206461175,8.986988378998921,
3.35,path,5.125062040232129,6.580292142115389,7.837109812527233,55.10467625785165,9.00000000000001,
3.35,robot,5.259726535880772,6.711345999893822,7.837109812527233,52.35458618430518,9.137048284826628,
3.4000000000000004,path,5.213071823068684,6.701749060308271,7.83111922975659,53.01461903601592,9.150000000000011,
3.4000000000000004,robot,5.354499967007656,6.8276432302975225,7.83111922975659,50.82257455662349,9.28707177981036,
3.45,path,5.305607357977115,6.819792727085913,7.82876973138349,50.77406101747337,9.300000000000011,
3.45,robot,5.452758791617794,6.940960660203516,7.82876973138349,49.071071536576994,9.437057234219331,
3.5,path,5.402833284178525,6.934002466326525,7.830224290486344,48.38704915178112,9.450000000000012,
3.5,robot,5.555210888484394,7.050466639111828,7.830224290486344,46.90607770833879,9.587017200773845,
3.5500000000000003,path,5.504865165044859,7.04393813932086,7.834227635035008,45.86168391772853,9.600000000000012,
3.5500000000000003,robot,5.662668879389498,7.155056134290718,7.834227635035008,44.22497230459783,9.736971134737368,
3.6,path,5.611758790415063,7.149150961645047,7.838834238682702,43.210632722802266,9.750000000000012,
3.6,robot,5.775751850604147,7.253554853021672,7.838834238682702,41.056858914536505,9.886936984084388,
3.6500000000000004,path,5.723501033096797,7.249197559128728,7.842249303980809,40.45134567441326,9.900000000000013,
3.6500000000000004,robot,5.894646201409759,7.344990720173769,7.842249303980809,37.562134916939904,10.036924931784673,
3.7,path,5.840003667038782,7.343656601220737,7.843454533952277,37.60585299625607,10.050000000000013,
3.7,robot,6.019024688995731,7.428854067447082,7.843454533952277,33.990183323099195,10.186935162069338,
3.75,path,5.961101454873292,7.432146724719276,7.842431505485893,34.70007133557521,10.200000000000014,
3.75,robot,6.148146989969547,7.505239883640866,7.842431505485893,30.607593646663936,10.336959698477097,
3.8000000000000003,path,6.086555385032975,7.514343937969173,7.8399778647100025,31.762630384753937,10.350000000000014,
3.8000000000000003,robot,6.281775439500198,7.573442441780054,7.8399778647100025,27.0392892683472,10.486986867552218,
3.85,path,6.216061214115711,7.5899964628821825,7.837260957197879,28.823333372486314,10.500000000000014,
3.85,robot,6.419205254975761,7.633599436163445,7.837260957197879,23.640382159415516,10.63700626014828,
3.9000000000000004,path,6.3492626068714735,7.658935167228382,7.835321697591825,25.911453101783337,10.650000000000015,
3.9000000000000004,robot,6.55952520764871,7.686628850376426,7.835321697591825,20.70247341052458,10.78701228632693,
3.95,path,6.485767401269789,7.721078364536404,7.834719079726705,23.05410689270553,10.800000000000015,
3.95,robot,6.701871712715248,7.733908606061586,7.834719079726705,18.37367662095316,10.937005295505047,
4.0,path,6.6251650753139675,7.776430656632694,7.8354181619151095,20.274932726843563,10.950000000000015,
4.0,robot,6.845589273251884,7.776812796526117,7.8354181619151095,16.62201104447847,11.08699031731062,
4.05,path,6.767043479854201,7.825076418600655,7.836915981357807,17.593213410440214,11.100000000000016,
4.05,robot,6.990290014694612,7.816270383762291,7.836915981357807,15.252814760138389,11.236974335674496,
4.1000000000000005,path,6.911003277969597,7.867169226928953,7.8385141449702775,15.023494682189012,11.250000000000016,
4.1000000000000005,robot,7.135839916028636,7.8524910483448505,7.8385141449702775,13.974424353885102,11.386963369677474,
4.15,path,7.056669130535924,7.9029188679859255,7.839610744672521,12.575650727566382,11.400000000000016,
4.15,robot,7.2822860679046695,7.884935654193589,7.839610744672521,12.491898436665531,11.536960462475896,
4.2,path,7.203697318080055,7.932577540274908,7.839901464830335,10.255289614537617,11.550000000000017,
4.2,robot,7.429730871603317,7.912529724783282,7.839901464830335,10.600197331339864,11.68696513863448,
4.25,path,7.35178000504393,7.956426569398059,7.839433848971945,8.064369111653015,11.700000000000017,
4.25,robot,7.57818154785072,7.9340965882777015,7.839433848971945,8.266079884640732,11.836974247955542,
4.3,path,7.500646688084675,7.974764540026692,7.838522916865843,6.00190251025517,11.850000000000017,
4.3,robot,7.727453088902454,7.948956598487852,7.838522916865843,5.6850749345783225,11.986983623900532,
4.3500000000000005,path,7.650063509127063,7.98789733145984,7.837585322366914,4.06466134479638,12.000000000000018,
4.3500000000000005,robot,7.877224127573313,7.95735230159749,7.837585322366914,3.2084669921182214,12.136989796624366,
4.4,path,7.799831111173888,7.996130201697837,7.836968049983485,2.2478143493960254,12.150000000000018,
4.4,robot,8.027191520112945,7.960542889505257,7.836968049983485,1.2187959265609618,12.28699112553959,
4.45,path,7.949781623665368,7.999761827089056,7.836835158461165,0.5454711282108718,12.300000000000018,
4.45,robot,8.177188443573462,7.960540759858844,7.836835158461165,-8.134816934476962E-4,12.436988049015225,
4.5,path,8.099440749675669,7.999866171823178,7.837142810897669,-0.15494091136389443,12.450000000000019,
4.5,robot,8.327179904769102,7.959589230068905,7.837142810897669,-0.3634734221559767,12.586982528382114,
4.55,path,8.249438909300157,7.999145811742132,7.8376948742088235,-0.39711686321828665,12.60000000000002,
4.55,robot,8.47717441548174,7.9595571906080504,7.8376948742088235,-0.012238620254515827,12.736977042516633,
4.6000000000000005,path,8.399432544997858,7.997777458544367,7.838243460756923,-0.6501099692059711,12.75000000000002,
4.6000000000000005,robot,8.62715915492357,7.961438885039183,7.838243460756923,0.7187897487753319,12.886973585274678,
4.65,path,8.549418462447662,7.995731799443561,7.838589184952506,-0.9147136758071497,12.90000000000002,
4.65,robot,8.777113630601956,7.965111607566467,7.838589184952506,1.4030220646547205,13.036973030829461,
4.7,path,8.699393024875484,7.992977358469929,7.8386446294741905,-1.1918031438479488,13.05000000000002,
4.7,robot,8.927053538262184,7.969427082048754,7.8386446294741905,1.6485953515682703,13.186975028246712,
4.75,path,8.849352092622649,7.989480273521439,7.838444887749164,-1.4823461762301804,13.20000000000002,
4.75,robot,9.077023162341618,7.972607059988622,7.838444887749164,1.2147260941350109,13.336978362897062,
4.800000000000001,path,8.999290949238187,7.985204043690941,7.838111422714201,-1.787415948234809,13.350000000000021,
4.800000000000001,robot,9.227026212771205,7.972819640405777,7.838111422714201,0.08119803244825845,13.48698156395829,
4.8500000000000005,path,9.149204204238936,7.9801092423531585,7.837791316591437,-2.1082058799877927,13.500000000000021,
4.8500000000000005,robot,9.376973232825284,7.968761455077689,7.837791316591437,-1.5502818683273287,13.636983489583448,
4.9,path,9.299085691889253,7.974153189647796,7.837598754075637,-2.4460471346270083,13.650000000000022,
4.9,robot,9.526721254536257,7.960067359412398,7.837598754075637,-3.3227578939681712,13.786983680602617,
4.95,path,9.448928337946167,7.967289578099633,7.837579652158789,-2.8024292364235066,13.800000000000022,
4.95,robot,9.67618563343779,7.947417670676177,7.837579652158789,-4.837612183068181,13.936982397882279,
5.0,path,9.598724006176461,7.959468042602877,7.837707924192673,-3.1790245175034215,13.950000000000022,
5.0,robot,9.82542108685187,7.9323121391498725,7.837707924192673,-5.77976269957448,14.086980389996834,
5.050000000000001,path,9.74846332399692,7.9506336641510345,7.837908712737219,-3.5777172572773566,14.100000000000023,
5.050000000000001,robot,9.974593169729202,7.916591741860779,7.837908712737219,-6.015871404110651,14.236978527321563,
5.1000000000000005,path,9.898135444572867,7.940726396999224,7.8380949802643105,-4.000638488127379,14.250000000000023,
5.1000000000000005,robot,10.123867110119562,7.901861807896083,7.8380949802643105,-5.635542706109697,14.386977461432005,
5.15,path,10.0477277921334,7.929680401218836,7.8382015692201055,-4.450207959306113,14.400000000000023,
5.15,robot,10.273313627127864,7.88898823489116,7.8382015692201055,-4.923400462302626,14.536977429191422,
5.2,path,10.19722572419846,7.917423265301349,7.838204793278459,-4.929184835647561,14.550000000000024,
5.2,robot,10.422897809678751,7.877816073360673,7.838204793278459,-4.271383520195244,14.686978245398137,
5.25,path,10.34661212870299,7.903875094285038,7.838123172606993,-5.440729420246839,14.700000000000024,
5.25,robot,10.572522802813618,7.867198962889712,7.838123172606993,-4.058798689233451,14.836979450744499,
5.300000000000001,path,10.495866923128936,7.8889474361079035,7.838002637970854,-5.988478709603271,14.850000000000025,
5.300000000000001,robot,10.722053785870184,7.855332651521265,7.838002637970854,-4.537305312583619,14.986980531538459,
5.3500000000000005,path,10.644966434800915,7.8725420107898785,7.8378945585749324,-6.576639494053836,15.000000000000025,
5.3500000000000005,robot,10.871297985351875,7.840287895730492,7.8378945585749324,-5.756329754674739,15.136981117389764,
5.4,path,10.793882618445455,7.854549199672783,7.837835973444408,-7.210103804759058,15.150000000000025,
5.4,robot,11.019996946734237,7.820574693093449,7.837835973444408,-7.551735905345419,15.286981088971103,
5.45,path,10.9425820663286,7.834846240017928,7.837838815310528,-7.894593073451631,15.300000000000026,
5.45,robot,11.16789550681218,7.795557472151411,7.837838815310528,-9.600772808912536,15.436980573692857,
5.5,path,11.091024754745241,7.8132950551381235,7.837890343135202,-8.63683947501687,15.450000000000026,
5.5,robot,11.314870014476943,7.765586191610008,7.837890343135202,-11.525819217724063,15.586979852226426,
5.550000000000001,path,11.23916242552365,7.78973963495651,7.83796248977835,-9.444815643821073,15.600000000000026,
5.550000000000001,robot,11.461016275210394,7.731806273146914,7.83796248977835,-13.014662395384462,15.736979226950933,
5.6000000000000005,path,11.386936484640778,7.764002857517077,7.838025017327711,-10.328027847416081,15.750000000000027,
5.6000000000000005,robot,11.60661066961677,7.695720590424082,7.838025017327711,-13.920286800055043,15.886978907551034,
5.65,path,11.534275260540426,7.735882611622955,7.838056957317564,-11.297892986650936,15.900000000000027,
5.65,robot,11.751956735484384,7.658645874832084,7.838056957317564,-14.309796763220056,16.03697895221576,
5.7,path,11.681090353405612,7.705147053615577,7.838052490844683,-12.36822660724323,16.050000000000026,
5.7,robot,11.897213118495737,7.62122021363933,7.838052490844683,-14.448155753421814,16.186979275286266,
5.75,path,11.827271768526602,7.671528780354257,7.8380201837941375,-13.555878926897037,16.200000000000024,
5.75,robot,12.04228859522496,7.583098891040314,7.8380201837941375,-14.722716282897368,16.336979705902014,
5.800000000000001,path,11.972681323691289,7.634717666885754,7.837977122219209,-14.88156786323674,16.350000000000023,
5.800000000000001,robot,12.186810677614583,7.5429307955682585,7.837977122219209,-15.5326025355235,16.486980066541864,
5.8500000000000005,path,12.117143613694392,7.594352081661305,7.837941058233989,-16.370973127992784,16.50000000000002,
5.8500000000000005,robot,12.330119920826364,7.498630540986494,7.837941058233989,-17.17760798466778,16.63698023902824,
5.9,path,12.260433520111636,7.550008181028096,7.837923809596271,-18.0561718709194,16.65000000000002,
5.9,robot,12.471268489707555,7.447865703859124,7.837923809596271,-19.781392740710707,16.786980196314154,
5.95,path,12.40225873861646,7.501187077234083,7.837928081004742,-19.97750706143944,16.80000000000002,
5.95,robot,12.609063087092732,7.388598609011208,7.837928081004742,-23.273115072941746,16.936979994981535,
6.0,path,12.54223514527023,7.447299957431783,7.8379482142665555,-22.185968540743147,16.950000000000017,
6.0,robot,12.742195249162519,7.319491803774215,7.8379482142665555,-27.43311418273009,17.08697973867278,
6.050000000000001,path,12.679851922238868,7.387651972855598,7.8379738451417555,-24.746089018839314,17.100000000000016,
6.050000000000001,robot,12.869419645407943,7.240031808827333,7.8379738451417555,-31.987486196431977,17.236979531329208,
6.1000000000000005,path,12.81442233291572,7.321427415634405,7.83799457949892,-27.739110519411042,17.250000000000014,
6.1000000000000005,robot,12.98965525240629,7.150346965179085,7.83799457949892,-36.71959554750122,17.386979439230753,
6.15,path,12.945015429436616,7.247682274288058,7.838003789344251,-31.265539265856944,17.400000000000013,
6.15,robot,13.10189667276383,7.050838804771732,7.838003789344251,-41.55874369139934,17.53697947400253,
6.2,path,13.070365409087309,7.165357221656217,7.838000312166594,-35.44475889053052,17.55000000000001,
6.2,robot,13.204939459346754,6.941833201386154,7.838000312166594,-46.610737195960205,17.686979598789904,
6.25,path,13.188763165408576,7.073335932505371,7.837987833428906,-40.40655110253209,17.70000000000001,
6.25,robot,13.297055450830698,6.823449546447373,7.837987833428906,-52.11301160013876,17.83697975093561,
6.300000000000001,path,13.29795746819205,6.970588650781104,7.837972618858325,-46.265279501248926,17.85000000000001,
6.300000000000001,robot,13.375822116810669,6.695794354726733,7.837972618858325,-58.32430481040588,17.986979869745007,
6.3500000000000005,path,13.395141280481159,6.856444516299186,7.83796073791836,-53.065886848812454,18.000000000000007,
6.3500000000000005,robot,13.43829890895586,6.559424765032873,7.83796073791836,-65.38544131586556,18.136979918245082,
6.4,path,13.477160330767074,6.730987265083536,7.837955887910676,-60.7040039446444,18.150000000000006,
6.4,robot,13.481647015322187,6.415824856101771,7.837955887910676,-73.20265558873537,18.28697989214697,
6.45,path,13.54107006093631,6.595423756851843,7.83795849772171,-68.86360908165307,18.300000000000004,
6.45,robot,13.504071910499151,6.267510659253181,7.83795849772171,-81.40208410174088,18.436979815182085,
6.5,path,13.58494220099892,6.452116857382212,7.837966194210134,-77.05362902188602,18.450000000000003,
6.5,robot,13.505687879161124,6.117519454099779,7.837966194210134,-89.38273312787582,18.58697972510901,
6.550000000000001,path,13.60847158868859,6.304088677562891,7.83797520151739,-84.76792074515623,18.6,
6.550000000000001,robot,13.486012266207549,5.9688155540040375,7.83797520151739,-97.53725431187388,18.736979657271604,
6.6000000000000005,path,13.612944538357041,6.154245861585152,7.837981985257892,-91.65758949922485,18.75,
6.6000000000000005,robot,13.447973382580361,5.823718911030843,7.837981985257892,-104.69020608585384,18.88697963217058,
6.65,path,13.600649437342181,6.004817821152294,7.8379844953602404,-97.58894165839496,18.9,
6.65,robot,13.396961224130578,5.682659472197685,7.8379844953602404,-109.88180995948399,19.036979650816015,
6.7,path,13.574189128885884,5.857218469259822,7.837982630816521,-102.5909972319954,19.049999999999997,
6.7,robot,13.339183324218025,5.544233577009094,7.837982630816521,-112.65528028338977,19.1869796980729,
6.75,path,13.536019569227268,5.712190542337755,7.837977905127881,-106.77365226052265,19.199999999999996,
6.75,robot,13.280106637188714,5.406356961860711,7.837977905127881,-113.19392424892433,19.33697975125667,
6.800000000000001,path,13.488250144704523,5.570024752502218,7.837972586750675,-110.26840637198995,19.349999999999994,
6.800000000000001,robot,13.223272578959868,5.267540891460265,7.837972586750675,-112.26516801305243,19.486979789843936,
6.8500000000000005,path,13.432609661020003,5.430743611056161,7.837968728024004,-113.19860856276168,19.499999999999993,
6.8500000000000005,robot,13.169543777256804,5.1274936862835965,7.837968728024004,-110.98920083519181,19.636979802544747,
6.9,path,13.370486063467794,5.294225569625711,7.837967457942719,-115.66895561766913,19.64999999999999,
6.9,robot,13.11701004446792,4.986993853351666,7.837967457942719,-110.50107255503332,19.786979789660194,
6.95,path,13.302987135779178,5.1602801003354895,7.837968746397928,-117.76431279758438,19.79999999999999,
6.95,robot,13.061775072645009,4.847533861888669,7.837968746397928,-111.6066963595608,19.93697976076398,
7.0,path,13.230999202729219,5.028690156946652,7.837971636019271,-119.5520718862827,19.94999999999999,
7.0,robot,12.999476708069764,4.711082755717352,7.837971636019271,-114.53962856865785,20.086979729444398,
7.050000000000001,path,13.15523638381499,4.89923493975403,7.8379747679772525,-121.08535762066921,20.099999999999987,
7.050000000000001,robot,12.92699072588452,4.579759582482034,7.8379747679772525,-118.89722305275004,20.23697970758424,
7.1000000000000005,path,13.076279514095397,4.771701348234413,7.837976953992888,-122.40603447727801,20.249999999999986,
7.1000000000000005,robot,12.843599424263362,4.455076428269316,7.837976953992888,-123.77562427450968,20.386979701352587,
7.15,path,12.994606107541639,4.6458891421440445,7.8379775771580515,-123.54720290333739,20.399999999999984,
7.15,robot,12.75112896158349,4.336969628553259,7.8379775771580515,-128.0587902221358,20.536979710043916,
7.2,path,12.910613206019384,4.521612695420936,7.837976708025019,-124.53516518409873,20.549999999999983,
7.2,robot,12.653172904474674,4.2233711419607305,7.837976708025019,-130.77122192908925,20.68697972764531,
7.25,path,12.824634791204026,4.39870096277323,7.837974947885607,-125.39093664019003,20.69999999999998,
7.25,robot,12.554004809590083,4.110829174341974,7.837974947885607,-131.3853885060225,20.83697974604044,
7.300000000000001,path,12.736955114445774,4.276996561758503,7.837973108372177,-126.1313954248782,20.84999999999998,
7.300000000000001,robot,12.45761184543962,3.9959013702161617,7.837973108372177,-129.9874430741942,20.986979758370087,
7.3500000000000005,path,12.647818979168912,4.156354461344631,7.837971875407513,-126.77015472851451,20.99999999999998,
7.3500000000000005,robot,12.366817400918599,3.876501329507413,7.837971875407513,-127.25016533448193,21.13697976129386,
7.4,path,12.557439748613003,4.036640539025626,7.837971583030191,-127.31822488689338,21.149999999999977,
7.4,robot,12.282451935056274,3.752475257881221,7.837971583030191,-124.22446326475942,21.286979755537832,
7.45,path,12.466005653516996,3.917730143866325,7.83797215863269,-127.78451714786516,21.299999999999976,
7.45,robot,12.202929995929289,3.6252893388783334,7.83797215863269,-122.01534016719842,21.436979744854916,
7.5,path,12.373684821773747,3.7995067267388656,7.837973226924101,-128.17622787640687,21.449999999999974,
7.5,robot,12.124686097892969,3.4973132114659404,7.837973226924101,-121.44138532997778,21.586979734079552,
7.550000000000001,path,12.280629347717754,3.6818605657545707,7.837974304460383,-128.49913186761373,21.599999999999973,
7.550000000000001,robot,12.043466062499814,3.371204909699236,7.837974304460383,-122.78355490111977,21.73697972715871,
7.6000000000000005,path,12.186978637262857,3.5646875901745414,7.837974996544284,-128.75780586294033,21.74999999999997,
7.6000000000000005,robot,11.955928868696585,3.2493967025950035,7.837974996544284,-125.70282825385715,21.886979725881684,
7.65,path,12.092862208076776,3.447888294977484,7.837975124246933,-128.9557977037147,21.89999999999997,
7.65,robot,11.860818290243003,3.1334054141577146,7.837975124246933,-129.35107976210878,22.03697972963874,
7.7,path,11.998402084896803,3.3313667350815734,7.8379747485410665,-129.09575233635798,22.04999999999997,
7.7,robot,11.759214022326828,3.0230578963796666,7.8379747485410665,-132.63782383056636,22.186979736100604,
7.75,path,11.903714899159876,3.2150295835479232,7.837974102354673,-129.179502722291,22.199999999999967,
7.75,robot,11.653947414652446,2.9161984410320323,7.837974102354673,-134.56977595040212,22.33697974239549,
7.800000000000001,path,11.808913782526918,3.0987852383189756,7.837973472866034,-129.20813127426348,22.349999999999966,
7.800000000000001,robot,11.548701108309338,2.809318994175305,7.837973472866034,-134.55889273859285,22.486979746259713,
7.8500000000000005,path,11.714110129559279,2.9825429612673764,7.837973086443407,-129.18200552179124,22.499999999999964,
7.8500000000000005,robot,11.44716493204779,2.6989088268153187,7.837973086443407,-132.60248071197609,22.6369797467473,
7.9,path,11.619415296280497,2.866212033473781,7.837973037684543,-129.100790116177,22.649999999999963,
7.9,robot,11.352199866629103,2.582798381019127,7.837973037684543,-129.27924008081087,22.786979744323855,
7.95,path,11.524942297348332,2.749700910897813,7.837973280028999,-128.9634358787688,22.79999999999996,
7.95,robot,11.264955709485436,2.4607801206009667,7.837973280028999,-125.56511007668577,22.936979740427798,
8.0,path,11.430807564442283,2.6329163645742026,7.837973669634502,-128.7681452508149,22.94999999999996,
8.0,robot,11.184298794471559,2.3343109110666065,7.837973669634502,-122.52807318342987,23.086979736760473,
8.05,path,11.337132832098753,2.5157625889842814,7.837974036366925,-128.51231210114844,23.09999999999996,
8.05,robot,11.107052361145476,2.2057302441880138,7.837974036366925,-120.99586614885845,23.23697973461562,
8.1,path,11.244047226321864,2.3981402630837527,7.837974250852065,-128.19243226885493,23.249999999999957,
8.1,robot,11.029126118861798,2.0775604321243097,7.837974250852065,-121.29927382765861,23.386979734485283,
8.15,path,11.151689643950219,2.2799455474798336,7.837974263885551,-127.80397931443358,23.399999999999956,
8.15,robot,10.94705463932239,1.9520045771809118,7.837974263885551,-123.17124384711786,23.536979736033132,
8.200000000000001,path,11.060211532002626,2.1610690034793416,7.837974109100566,-127.34123755529481,23.549999999999955,
8.200000000000001,robot,10.859244194901564,1.8303932020831715,7.837974109100566,-125.83146194247426,23.686979738374955,
8.25,path,10.96978020378792,2.0413944205963706,7.837973874918115,-126.79708132887006,23.699999999999953,
8.25,robot,10.766427224652508,1.7125585269109378,7.837973874918115,-128.2270831362005,23.836979740505488,
8.3,path,10.880582870680875,1.920797546754729,7.837973661864718,-126.16268527695269,23.84999999999995,
8.3,robot,10.671309591077152,1.5965730272232663,7.837973661864718,-129.35456564738016,23.986979741688067,
8.35,path,10.792831622223925,1.7991447231877071,7.837973543606603,-125.42714485344072,23.99999999999995,
8.35,robot,10.577794588893685,1.479291552292946,7.837973543606603,-128.56729151977046,24.136979741672086,
8.4,path,10.7067696664616,1.6762914485879037,7.837973545204614,-124.57697876985205,24.14999999999995,
8.4,robot,10.490111486175433,1.3575883345721313,7.837973545204614,-125.77148995300283,24.286979740691752,
8.450000000000001,path,10.622679249297967,1.552080934821836,7.83797364323784,-123.59547513794263,24.299999999999947,
8.450000000000001,robot,10.411859419472453,1.2296171908104265,7.83797364323784,-121.44504037977555,24.436979739288308,
8.5,path,10.54089181782249,1.4263427848936772,7.837973783582109,-122.46183020134387,24.449999999999946,
8.5,robot,10.344962268741822,1.0953608283769178,7.837973783582109,-116.48612050518621,24.586979738054154,
8.55,path,10.461801190551666,1.298892048364877,7.837973906997343,-121.15001292112996,24.599999999999945,
8.55,robot,10.288887679601235,0.9562362789307711,7.837973906997343,-111.95205495239242,24.736979737407083,
8.6,path,10.385880756301995,1.1695291323552803,7.837973971704338,-119.62727229975562,24.749999999999943,
8.6,robot,10.241429037887269,0.8139419454318676,7.837973971704338,-108.44480428642163,24.88697973747119,
8.65,path,10.314524925996112,1.0395904437211883,7.510069351218473,-117.87457388374469,24.898247867079565,
8.65,robot,10.19898197417184,0.6713202263144062,7.510069351218473,-106.5740533344935,25.035783998102673,
8.700000000000001,path,10.25012919420524,0.9127659216891866,6.483447166171962,-115.91432639376589,25.04049146831843,
8.700000000000001,robot,10.159878725972744,0.5326348443829089,6.483447166171962,-105.74614437872215,25.179876673770817,
8.75,path,10.19418947392273,0.7921199808953077,4.937596583711662,-113.78459424895902,25.173482936636915,
8.75,robot,10.124212450336257,0.40280295661280696,4.937596583711662,-105.36086727913947,25.31451842918022,
8.8,path,10.14678157687384,0.6786413229391126,3.336838027125167,-111.50935004266015,25.2964744049554,
8.8,robot,10.100765606845187,0.2839390891549476,3.336838027125167,-101.15878815187385,25.435672766522035,
8.85,path,10.107514212287402,0.5727013143930515,2.0848212772979497,-109.11278303037554,25.409465873273888,
8.85,robot,10.091681821799515,0.17865895778864022,2.0848212772979497,-94.93138385414552,25.541344055012633,
8.9,path,10.075866602433974,0.4747012492414795,1.3811094125921874,-106.6304657847042,25.512457341592373,
8.9,robot,10.093828809902742,0.08811208454160441,1.3811094125921874,-88.64169455556386,25.631916378670194,
8.950000000000001,path,10.051183987898387,0.385053117287101,1.1872940311902846,-104.10996793926142,25.60544880991086,
8.950000000000001,robot,10.102086973804767,0.010908851949517295,1.1872940311902846,-83.89448328895591,25.709560028724148,
9.0,path,10.032684892721825,0.3041564256825078,1.286346010148944,-101.60994287085344,25.688440278229347,
9.0,robot,10.111955604372177,-0.055905974114881976,1.286346010148944,-81.59809038081382,25.777099727059955,
9.05,path,10.019483180272939,0.23237423984402472,1.3957931609224947,-99.19743990315351,25.761431746547835,
9.05,robot,10.120409859469317,-0.11506507451060886,1.3957931609224947,-81.8670929384292,25.836859860835567,
9.1,path,10.010625400641652,0.17001276775572371,1.2831967677154132,-96.94366716530766,25.82442321486632,
9.1,robot,10.125822223228258,-0.16784061526421334,1.2831967677154132,-84.14453671351039,25.88991220652635,
9.15,path,10.00514060193024,0.11730868377254655,0.8413791829913388,-94.91892988731519,25.87741468318481,
9.15,robot,10.12785252938944,-0.21380736822286742,0.8413791829913388,-87.47094569559891,25.93592377594829,
9.200000000000001,path,10.002096882064146,0.07442673511964149,0.10363922515157742,-93.18774027964736,25.920406151503297,
9.200000000000001,robot,10.127324607205406,-0.2514258056482991,0.10363922515157742,-90.80401339554405,25.9735459175163,
9.25,path,10.000657684400005,0.04146747462483891,-0.7951579472955799,-91.80497555343197,25.953397619821782,
9.25,robot,10.125739293191579,-0.2789338927495639,-0.7951579472955799,-93.29835518908095,26.00109964823454,
9.3,path,10.000131605505786,0.018482312789573463,-1.687114034765299,-90.81351225530449,25.97638908814027,
9.3,robot,10.124477119036314,-0.2950357079964951,-1.687114034765299,-94.48208329954369,26.017250856791318,
9.35,path,10.000011666282852,0.005491451627171351,-2.4388179060890653,-90.2432285560784,25.989380556458755,
9.35,robot,10.124163316260118,-0.29920414385145233,-2.4388179060890653,-94.30514605593311,26.02143108760543,
9.4,path,10.000000216703016,7.478669244367353E-4,-2.66551938907093,-90.03320024553273,25.99412415769762,
9.4,robot,10.124502848040635,-0.2928768406274604,-2.66551938907093,-93.07162418428778,26.01509468105926,
9.450000000000001,path,10.0,5.861977570020827E-14,-2.022265628201936,-90.00000000000279,25.99487202477724,
9.450000000000001,robot,10.124785479637527,-0.2803765986821772,-2.022265628201936,-91.29524205208129,26.00259124435929,
9.5,path,10.0,5.861977570020827E-14,-0.771921958205013,-90.00000000000279,25.99487202477724,
9.5,robot,10.12467921340145,-0.26744119122526144,-0.771921958205013,-89.52931750412137,25.98965540041352,
